drug_id,target_id,drug_smiles,target_sequence,interaction
DRUG001,TARGET001,CCO,MKTVRQERLKSIVRILERSKEPVSGAQLAEELSVSRQVIVQDIAYLRSLGYNIVATPRGYVLAGG,1
DRUG002,TARGET002,CC(=O)O,MKTVRQERLKSIVRILERSKEPVSGAQLAEELSVSRQVIVQDIAYLRSLGYNIVATPRGYVLAGG,0
DRUG003,TARGET003,c1ccccc1,MKTVRQERLKSIVRILERSKEPVSGAQLAEELSVSRQVIVQDIAYLRSLGYNIVATPRGYVLAGG,1
DRUG004,TARGET004,CCN(CC)CC,MKTVRQERLKSIVRILERSKEPVSGAQLAEELSVSRQVIVQDIAYLRSLGYNIVATPRGYVLAGG,0
DRUG005,TARGET005,CC(=O)NC1=CC=C(C=C1)O,MKTVRQERLKSIVRILERSKEPVSGAQLAEELSVSRQVIVQDIAYLRSLGYNIVATPRGYVLAGG,1
DRUG006,TARGET006,CC(=O)Oc1ccccc1C(=O)O,MKTVRQERLKSIVRILERSKEPVSGAQLAEELSVSRQVIVQDIAYLRSLGYNIVATPRGYVLAGG,1
DRUG007,TARGET007,CC(C)CO,MKTVRQERLKSIVRILERSKEPVSGAQLAEELSVSRQVIVQDIAYLRSLGYNIVATPRGYVLAGG,0
DRUG008,TARGET008,CN1CCCC1C2=CN=CC=C2,MKTVRQERLKSIVRILERSKEPVSGAQLAEELSVSRQVIVQDIAYLRSLGYNIVATPRGYVLAGG,1
DRUG009,TARGET009,CC(C)(C)OC(=O)N,MKTVRQERLKSIVRILERSKEPVSGAQLAEELSVSRQVIVQDIAYLRSLGYNIVATPRGYVLAGG,0
DRUG010,TARGET010,CCOc1ccccc1,MKTVRQERLKSIVRILERSKEPVSGAQLAEELSVSRQVIVQDIAYLRSLGYNIVATPRGYVLAGG,1